promptID,pairID,premise,premise_binary_parse,premise_parse,hypothesis,hypothesis_binary_parse,hypothesis_parse,genre,label
26241,26241c,really oh that's the way it is up here like today it was fifty and raining and two days ago it was snowing a blizzard up here so  it just it just likes kind of crazy all over the country i guess,( really ( oh ( that ( 's ( ( the way ) ( it ( is ( ( up here ) ( like ( ( ( today ( it ( was ( ( fifty and ) raining ) ) ) ) and ) ( ( ( two days ) ago ) ( it ( was ( ( ( snowing ( a blizzard ) ) up ) ( here ( so ( it ( just ( it ( just ( ( likes ( kind ( of crazy ) ) ) ( all ( over ( ( the country ) ( i guess ) ) ) ) ) ) ) ) ) ) ) ) ) ) ) ) ) ) ) ) ) ) ) ) ),(ROOT (SINV (ADVP (RB really)) (VP (VBZ oh)) (SBAR (WHNP (WDT that)) (S (VP (VBZ 's) (NP (NP (DT the) (NN way)) (SBAR (S (NP (PRP it)) (VP (VBZ is) (ADVP (ADVP (RB up) (RB here)) (SBAR (IN like) (S (S (NP (NN today)) (NP (PRP it)) (VP (VBD was) (ADJP (JJ fifty) (CC and) (JJ raining)))) (CC and) (S (ADVP (NP (CD two) (NNS days)) (RB ago)) (NP (PRP it)) (VP (VBD was) (VP (VBG snowing) (NP (DT a) (NN blizzard)) (PRT (RP up)) (SBAR (ADVP (RB here)) (IN so) (S (NP (PRP it)) (ADVP (RB just)) (NP (PRP it)) (VP (ADVP (RB just)) (VBZ likes) (NP (NP (NN kind)) (PP (IN of) (ADJP (JJ crazy)))) (PP (DT all) (IN over) (NP (NP (DT the) (NN country)) (SBAR (S (NP (FW i)) (VP (VBP guess)))))))))))))))))))))))),The weather has been stable over the past few days.,( ( The weather ) ( ( has ( ( been stable ) ( over ( the ( past ( few days ) ) ) ) ) ) . ) ),(ROOT (S (NP (DT The) (NN weather)) (VP (VBZ has) (VP (VBN been) (ADJP (JJ stable)) (PP (IN over) (NP (DT the) (JJ past) (JJ few) (NNS days))))) (. .))),telephone,2
15271,15271n,How about in each and every case all the way back to 1971?,( ( How ( about ( in ( ( each and ) ( every case ) ) ) ) ) ( ( ( all ( the way ) ) ( back ( to 1971 ) ) ) ? ) ),(ROOT (SBARQ (WHADVP (WRB How) (PP (IN about) (PP (IN in) (NP (NP (DT each)) (CC and) (NP (DT every) (NN case)))))) (SQ (NP (PDT all) (DT the) (NN way)) (VP (VB back) (PP (TO to) (NP (CD 1971))))) (. ?))),Except that case in 1982.,( ( Except ( ( that case ) ( in 1982 ) ) ) . ),(ROOT (FRAG (PP (IN Except) (NP (NP (DT that) (NN case)) (PP (IN in) (NP (CD 1982))))) (. .))),government,1
88716,88716e,I decided I could never be a prosecutor.,( I ( ( decided ( I ( ( could never ) ( be ( a prosecutor ) ) ) ) ) . ) ),(ROOT (S (NP (PRP I)) (VP (VBD decided) (SBAR (S (NP (PRP I)) (VP (MD could) (ADVP (RB never)) (VP (VB be) (NP (DT a) (NN prosecutor))))))) (. .))),The prosecutor's life is not something I could ever handle.,( ( ( The ( prosecutor 's ) ) life ) ( ( ( is not ) ( something ( I ( ( could ever ) handle ) ) ) ) . ) ),(ROOT (S (NP (NP (DT The) (NN prosecutor) (POS 's)) (NN life)) (VP (VBZ is) (RB not) (NP (NP (NN something)) (SBAR (S (NP (PRP I)) (VP (MD could) (ADVP (RB ever)) (VP (VB handle))))))) (. .))),government,0
10769,10769n,"In addition, system administrators are the first line of defense against security intrusions and are generally in the best position to notice unusual activity that may indicate an intrusion or other security incident.","( ( In addition ) ( , ( ( system administrators ) ( ( ( ( ( are ( ( the ( first line ) ) ( of ( defense ( against ( security intrusions ) ) ) ) ) ) and ) ( ( are generally ) ( in ( the ( best position ) ) ) ) ) ( to ( notice ( ( unusual activity ) ( that ( may ( indicate ( an ( intrusion ( or ( other ( security incident ) ) ) ) ) ) ) ) ) ) ) ) . ) ) ) )","(ROOT (S (PP (IN In) (NP (NN addition))) (, ,) (NP (NN system) (NNS administrators)) (VP (VP (VBP are) (NP (NP (DT the) (JJ first) (NN line)) (PP (IN of) (NP (NP (NN defense)) (PP (IN against) (NP (NN security) (NNS intrusions))))))) (CC and) (VP (VBP are) (ADVP (RB generally)) (PP (IN in) (NP (DT the) (JJS best) (NN position)))) (S (VP (TO to) (VP (VB notice) (NP (NP (JJ unusual) (NN activity)) (SBAR (WHNP (WDT that)) (S (VP (MD may) (VP (VB indicate) (NP (DT an) (NN intrusion) (CC or) (JJ other) (NN security) (NN incident))))))))))) (. .)))",System administrators help protect computers from viruses.,( ( System administrators ) ( ( help ( ( protect computers ) ( from viruses ) ) ) . ) ),(ROOT (S (NP (NNP System) (NNS administrators)) (VP (VBP help) (VP (VB protect) (NP (NNS computers)) (PP (IN from) (NP (NNS viruses))))) (. .))),government,1
123440,123440c,"Why should they allow the district's residents to enjoy a federal tax rate of, say, 15 percent, when they themselves may face rates close to 40 percent?","( Why ( ( ( should they ) ( allow ( ( the ( district 's ) ) ( residents ( to ( enjoy ( ( a ( federal ( tax rate ) ) ) ( ( ( ( of , ) say ) , ) ( ( ( 15 percent ) , ) ( when ( they ( themselves ( may ( ( face rates ) ( close ( to ( 40 percent ) ) ) ) ) ) ) ) ) ) ) ) ) ) ) ) ) ? ) )","(ROOT (SBARQ (WHADVP (WRB Why)) (SQ (MD should) (NP (PRP they)) (VP (VB allow) (NP (NP (DT the) (NN district) (POS 's)) (NNS residents) (S (VP (TO to) (VP (VB enjoy) (NP (NP (DT a) (JJ federal) (NN tax) (NN rate)) (PP (IN of) (, ,) (INTJ (VB say)) (, ,) (NP (NP (CD 15) (NN percent)) (, ,) (SBAR (WHADVP (WRB when)) (S (NP (PRP they)) (ADVP (PRP themselves)) (VP (MD may) (VP (VB face) (NP (NNS rates)) (ADVP (RB close) (PP (TO to) (NP (CD 40) (NN percent))))))))))))))))) (. ?)))",They don't want the residents to have a lower rate because they are facing rates as close to 10 percent too. ,( They ( ( ( do n't ) ( want ( ( the residents ) ( to ( ( have ( a ( lower rate ) ) ) ( because ( they ( are ( ( facing rates ) ( ( ( ( ( as close ) to ) 10 ) percent ) too ) ) ) ) ) ) ) ) ) ) . ) ),(ROOT (S (NP (PRP They)) (VP (VBP do) (RB n't) (VP (VB want) (S (NP (DT the) (NNS residents)) (VP (TO to) (VP (VB have) (NP (DT a) (JJR lower) (NN rate)) (SBAR (IN because) (S (NP (PRP they)) (VP (VBP are) (VP (VBG facing) (NP (NNS rates)) (ADVP (NP (QP (IN as) (NN close) (TO to) (CD 10)) (NN percent)) (RB too))))))))))) (. .))),slate,2
81369,81369e,probably not see i'm in the Navy,( ( probably not ) ( see ( i ( 'm ( in ( the Navy ) ) ) ) ) ),(ROOT (S (ADVP (RB probably) (RB not)) (VP (VB see) (SBAR (S (NP (FW i)) (VP (VBP 'm) (PP (IN in) (NP (DT the) (NNP Navy))))))))),"Most likely not, I'm in the Navy.","( ( ( Most likely ) not ) ( , ( I ( ( 'm ( in ( the Navy ) ) ) . ) ) ) )","(ROOT (S (FRAG (ADVP (RBS Most) (JJ likely)) (RB not)) (, ,) (NP (PRP I)) (VP (VBP 'm) (PP (IN in) (NP (DT the) (NNP Navy)))) (. .)))",telephone,0
95395,95395e,Somewhere more appreciative.',( ( ( Somewhere ( more appreciative ) ) . ) ' ),(ROOT (S (VP (VB Somewhere) (ADJP (RBR more) (JJ appreciative))) (. .) ('' '))),More appreciative somewhere.,( More ( ( appreciative somewhere ) . ) ),(ROOT (S (NP (JJR More)) (VP (VBP appreciative) (ADVP (RB somewhere))) (. .))),fiction,0
138539,138539e,It is supposed to bring more money into the system because returns on private securities are generally higher than returns on government bonds.,( It ( ( is ( supposed ( to ( ( ( bring ( more money ) ) ( into ( the system ) ) ) ( because ( ( returns ( on ( private securities ) ) ) ( are ( ( generally higher ) ( than ( returns ( on ( government bonds ) ) ) ) ) ) ) ) ) ) ) ) . ) ),(ROOT (S (NP (PRP It)) (VP (VBZ is) (VP (VBN supposed) (S (VP (TO to) (VP (VB bring) (NP (JJR more) (NN money)) (PP (IN into) (NP (DT the) (NN system))) (SBAR (IN because) (S (NP (NP (NNS returns)) (PP (IN on) (NP (JJ private) (NNS securities)))) (VP (VBP are) (ADJP (ADJP (RB generally) (JJR higher)) (PP (IN than) (NP (NP (NNS returns)) (PP (IN on) (NP (NN government) (NNS bonds)))))))))))))) (. .))),It supposedly will bring more money into the system because returns in the private sector are higher than government bonds.  ,( It ( supposedly ( ( will ( ( ( bring ( more money ) ) ( into ( the system ) ) ) ( because ( ( returns ( in ( the ( private sector ) ) ) ) ( are ( higher ( than ( government bonds ) ) ) ) ) ) ) ) . ) ) ),(ROOT (S (NP (PRP It)) (ADVP (RB supposedly)) (VP (MD will) (VP (VB bring) (NP (JJR more) (NN money)) (PP (IN into) (NP (DT the) (NN system))) (SBAR (IN because) (S (NP (NP (NNS returns)) (PP (IN in) (NP (DT the) (JJ private) (NN sector)))) (VP (VBP are) (ADJP (ADJP (JJR higher)) (PP (IN than) (NP (NN government) (NNS bonds))))))))) (. .))),slate,0
34814,34814e,um-hum yeah well it uh it may not last  once they  i hope it does but it's uh it's uh sad situation part of this this you you hear the phrase creeping socialism,( ( um-hum yeah ) ( well ( it ( uh ( it ( ( may not ) ( last ( once ( they ( i ( hope ( it ( does ( but ( it ( 's ( uh ( ( ( ( it 's ) ( uh ( sad ( situation part ) ) ) ) ( of ( this ( this you ) ) ) ) ( you ( hear ( ( the phrase ) ( creeping socialism ) ) ) ) ) ) ) ) ) ) ) ) ) ) ) ) ) ) ) ) ) ),(ROOT (FRAG (NP (JJ um-hum) (NN yeah)) (ADJP (RB well) (SBAR (S (NP (PRP it)) (VP (VBD uh) (SBAR (S (NP (PRP it)) (VP (MD may) (RB not) (VP (VB last) (SBAR (IN once) (S (NP (PRP they)) (ADVP (RB i)) (VP (VBP hope) (SBAR (S (NP (PRP it)) (VP (VBZ does) (SBAR (CC but) (S (NP (PRP it)) (VP (VBZ 's) (VP (VBG uh) (NP (NP (NP (PRP it) (POS 's)) (JJ uh) (JJ sad) (NN situation) (NN part)) (PP (IN of) (NP (DT this) (DT this) (NN you))) (SBAR (S (NP (PRP you)) (VP (VBP hear) (S (NP (DT the) (NN phrase)) (VP (VBG creeping) (NP (NN socialism)))))))))))))))))))))))))))),"While I still have hope, things are not looking good.","( ( While ( I ( still ( have hope ) ) ) ) ( , ( things ( ( ( are not ) ( looking good ) ) . ) ) ) )","(ROOT (S (SBAR (IN While) (S (NP (PRP I)) (ADVP (RB still)) (VP (VBP have) (NP (NN hope))))) (, ,) (NP (NNS things)) (VP (VBP are) (RB not) (VP (VBG looking) (ADJP (JJ good)))) (. .)))",telephone,0
103191,103191e,"Although bidders tend to portray themselves as rescuing ailing companies--UPR said it was reacting to a decade of broken promises and poor performance at Pennzoil--in fact they almost uniformly bid for profitable, healthy companies that the market, for one reason or another, is undervaluing.","( ( Although ( bidders ( tend ( to ( ( portray themselves ) ( as ( ( rescuing ( ( ailing companies ) ( -- ( ( UPR ( said ( it ( was ( reacting ( to ( ( ( ( a decade ) ( of ( broken promises ) ) ) and ) ( ( poor performance ) ( at Pennzoil ) ) ) ) ) ) ) ) ) -- ) ) ) ) ( in fact ) ) ) ) ) ) ) ) ( they ( ( almost uniformly ) ( ( ( bid ( for ( ( profitable ( , healthy ) ) companies ) ) ) ( that ( ( ( ( ( the market ) , ) ( for ( ( ( one reason ) or ) another ) ) ) , ) ( is undervaluing ) ) ) ) . ) ) ) )","(ROOT (S (SBAR (IN Although) (S (NP (NNS bidders)) (VP (VBP tend) (S (VP (TO to) (VP (VB portray) (NP (PRP themselves)) (PP (IN as) (S (VP (VBG rescuing) (NP (NP (VBG ailing) (NNS companies)) (PRN (: --) (S (NP (NNP UPR)) (VP (VBD said) (SBAR (S (NP (PRP it)) (VP (VBD was) (VP (VBG reacting) (PP (TO to) (NP (NP (NP (DT a) (NN decade)) (PP (IN of) (NP (JJ broken) (NNS promises)))) (CC and) (NP (NP (JJ poor) (NN performance)) (PP (IN at) (NP (NNP Pennzoil)))))))))))) (: --))) (PP (IN in) (NP (NN fact)))))))))))) (NP (PRP they)) (ADVP (RB almost) (RB uniformly)) (VP (VBD bid) (PP (IN for) (NP (ADJP (JJ profitable) (, ,) (JJ healthy)) (NNS companies))) (SBAR (IN that) (S (NP (NP (DT the) (NN market)) (, ,) (PP (IN for) (NP (NP (CD one) (NN reason)) (CC or) (NP (DT another)))) (, ,)) (VP (VBZ is) (VP (VBG undervaluing)))))) (. .)))",Pennzoil did not have a solid performance.,( Pennzoil ( ( ( did not ) ( have ( a ( solid performance ) ) ) ) . ) ),(ROOT (S (NP (NNP Pennzoil)) (VP (VBD did) (RB not) (VP (VB have) (NP (DT a) (JJ solid) (NN performance)))) (. .))),slate,0
124888,124888c,This can be done by calling the resort directly.,( This ( ( can ( be ( done ( by ( ( calling ( the resort ) ) directly ) ) ) ) ) . ) ),(ROOT (S (NP (DT This)) (VP (MD can) (VP (VB be) (VP (VBN done) (PP (IN by) (S (VP (VBG calling) (NP (DT the) (NN resort)) (ADVP (RB directly)))))))) (. .))),Calling the resort definitely won't get this done.,( ( ( Calling ( the resort ) ) definitely ) ( ( ( wo n't ) ( get ( this done ) ) ) . ) ),(ROOT (S (S (VP (VBG Calling) (NP (DT the) (NN resort)) (ADVP (RB definitely)))) (VP (MD wo) (RB n't) (VP (VB get) (NP (NP (DT this)) (VP (VBN done))))) (. .))),travel,2
90478,90478c,The Supreme Court of Texas created the Foundation (www.txiolta.org) in 1984 to administer funds earmarked for the provision of civil Legal Aid to low-income Texans.,( ( ( The ( Supreme Court ) ) ( of Texas ) ) ( ( ( created ( ( ( the Foundation ) ( -LRB- ( www.txiolta.org -RRB- ) ) ) ( in 1984 ) ) ) ( to ( administer ( funds ( ( earmarked ( for ( ( the provision ) ( of ( civil ( Legal Aid ) ) ) ) ) ) ( to ( low-income Texans ) ) ) ) ) ) ) . ) ),(ROOT (S (NP (NP (DT The) (NNP Supreme) (NNP Court)) (PP (IN of) (NP (NNP Texas)))) (VP (VBD created) (NP (NP (NP (DT the) (NNP Foundation)) (PRN (-LRB- -LRB-) (NP (NN www.txiolta.org)) (-RRB- -RRB-))) (PP (IN in) (NP (CD 1984)))) (S (VP (TO to) (VP (VB administer) (NP (NP (NNS funds)) (VP (VBN earmarked) (PP (IN for) (NP (NP (DT the) (NN provision)) (PP (IN of) (NP (JJ civil) (NNP Legal) (NNP Aid))))) (PP (TO to) (NP (JJ low-income) (NNPS Texans))))))))) (. .))),Texas supreme court never granted low income legal service ,( ( Texas ( supreme court ) ) ( never ( ( granted ( low income ) ) ( legal service ) ) ) ),(ROOT (S (NP (NNP Texas) (JJ supreme) (NN court)) (VP (ADVP (RB never)) (VBD granted) (NP (JJ low) (NN income)) (NP (JJ legal) (NN service))))),government,2
27895,27895n,is it is it hard to make it come down where you want to,( ( is it ) ( ( is it ) ( hard ( to ( make ( it ( ( come down ) ( where ( you ( want to ) ) ) ) ) ) ) ) ) ),(ROOT (SINV (VBZ is) (NP (PRP it)) (VP (VBZ is) (NP (PRP it)) (S (ADJP (JJ hard) (S (VP (TO to) (VP (VB make) (S (NP (PRP it)) (VP (VB come) (PRT (RP down)) (SBAR (WHADVP (WRB where)) (S (NP (PRP you)) (VP (VBP want) (PP (TO to))))))))))))))),It is hard to move the balloon to the spot you want.,( It ( ( is ( hard ( to ( ( move ( the balloon ) ) ( to ( ( the spot ) ( you want ) ) ) ) ) ) ) . ) ),(ROOT (S (NP (PRP It)) (VP (VBZ is) (ADJP (JJ hard) (S (VP (TO to) (VP (VB move) (NP (DT the) (NN balloon)) (PP (TO to) (NP (NP (DT the) (NN spot)) (SBAR (S (NP (PRP you)) (VP (VBP want))))))))))) (. .))),telephone,1
80267,80267n,"Web advertising is smart, in the sense that it can be far more detailed and specific and because it can reach a target with surgical precision.","( ( Web advertising ) ( ( ( ( is smart ) , ) ( in ( ( the sense ) ( ( ( that ( it ( can ( be ( ( ( ( far more ) detailed ) and ) specific ) ) ) ) ) and ) ( because ( it ( can ( ( reach ( a target ) ) ( with ( surgical precision ) ) ) ) ) ) ) ) ) ) . ) )","(ROOT (S (NP (NNP Web) (NN advertising)) (VP (VBZ is) (ADJP (JJ smart)) (, ,) (PP (IN in) (NP (NP (DT the) (NN sense)) (SBAR (SBAR (IN that) (S (NP (PRP it)) (VP (MD can) (VP (VB be) (ADJP (ADJP (ADVP (RB far) (RBR more)) (VBN detailed)) (CC and) (ADJP (JJ specific))))))) (CC and) (SBAR (IN because) (S (NP (PRP it)) (VP (MD can) (VP (VB reach) (NP (DT a) (NN target)) (PP (IN with) (NP (JJ surgical) (NN precision))))))))))) (. .)))",Web advertising is the most cost effective way to reach an audience.,( ( Web advertising ) ( ( ( is ( the ( most ( cost ( effective way ) ) ) ) ) ( to ( reach ( an audience ) ) ) ) . ) ),(ROOT (S (NP (NNP Web) (NN advertising)) (VP (VBZ is) (NP (DT the) (JJS most) (NN cost) (JJ effective) (NN way)) (S (VP (TO to) (VP (VB reach) (NP (DT an) (NN audience)))))) (. .))),slate,1
98592,98592c,it's it's sad i mean and they do it to dogs,( it ( 's ( ( ( it ( 's ( sad ( i mean ) ) ) ) and ) ( they ( ( do it ) ( to dogs ) ) ) ) ) ),(ROOT (S (NP (PRP it)) (VP (VBZ 's) (SBAR (S (S (NP (PRP it)) (VP (VBZ 's) (NP (JJ sad) (FW i) (FW mean)))) (CC and) (S (NP (PRP they)) (VP (VBP do) (NP (PRP it)) (PP (TO to) (NP (NNS dogs)))))))))),it's a relief to me that they do it to dogs,( it ( ( 's ( ( a relief ) ( to me ) ) ) ( that ( they ( ( do it ) ( to dogs ) ) ) ) ) ),(ROOT (S (NP (PRP it)) (VP (VBZ 's) (NP (NP (DT a) (NN relief)) (PP (TO to) (NP (PRP me)))) (SBAR (IN that) (S (NP (PRP they)) (VP (VBP do) (NP (PRP it)) (PP (TO to) (NP (NNS dogs))))))))),telephone,2
25913,25913n,"In the legislative arena, it involved passing laws requiring certain actions by agency or program management, the use of various prevention and/or detection methodologies, and periodic agency reporting on the status of improvement efforts.","( ( In ( the ( legislative arena ) ) ) ( , ( it ( ( involved ( passing ( ( ( ( ( ( laws ( ( requiring ( certain actions ) ) ( by ( agency ( or ( program management ) ) ) ) ) ) , ) ( ( the use ) ( of ( various ( prevention ( and/or ( detection methodologies ) ) ) ) ) ) ) , ) and ) ( ( periodic agency ) ( reporting ( on ( ( the status ) ( of ( improvement efforts ) ) ) ) ) ) ) ) ) . ) ) ) )","(ROOT (S (PP (IN In) (NP (DT the) (JJ legislative) (NN arena))) (, ,) (NP (PRP it)) (VP (VBD involved) (S (VP (VBG passing) (NP (NP (NP (NNS laws)) (VP (VBG requiring) (NP (JJ certain) (NNS actions)) (PP (IN by) (NP (NN agency) (CC or) (NN program) (NN management))))) (, ,) (NP (NP (DT the) (NN use)) (PP (IN of) (NP (JJ various) (NN prevention) (NN and/or) (JJ detection) (NNS methodologies)))) (, ,) (CC and) (NP (NP (JJ periodic) (NN agency)) (VP (VBG reporting) (PP (IN on) (NP (NP (DT the) (NN status)) (PP (IN of) (NP (NN improvement) (NNS efforts))))))))))) (. .)))",The laws that were passed have lead to a greater percent of cooperation.,( ( ( The laws ) ( that ( were passed ) ) ) ( ( ( have lead ) ( to ( ( a ( greater percent ) ) ( of cooperation ) ) ) ) . ) ),(ROOT (S (NP (NP (DT The) (NNS laws)) (SBAR (WHNP (WDT that)) (S (VP (VBD were) (VP (VBN passed)))))) (VP (VBP have) (NP (NN lead)) (PP (TO to) (NP (NP (DT a) (JJR greater) (NN percent)) (PP (IN of) (NP (NN cooperation)))))) (. .))),government,1
9184,9184c,"Our itineraries divide the city's heart into four from the Duomo north to Piazza San Marco; from the Piazza della Signoria, its Palazzo Vecchio and the Uffizi Galleries east to Piazza Santa Croce; from the Mercato Nuovo west to Piazza Santa Maria Novella; and the southern Left Bank of the Arno River around the Pitti Palace and the Piazzale Michelangelo.","( ( Our itineraries ) ( ( ( ( ( divide ( ( the ( city 's ) ) heart ) ) ( into four ) ) ( from ( the Duomo ) ) ) ( north ( to ( ( ( ( Piazza ( San Marco ) ) ; ) ( from ( ( ( ( ( the ( Piazza ( della Signoria ) ) ) , ) ( its ( Palazzo Vecchio ) ) ) and ) ( the ( Uffizi Galleries ) ) ) ) ) ( east ( to ( ( ( ( ( ( ( ( ( Piazza ( Santa Croce ) ) ; ) ( from ( the ( Mercato ( Nuovo west ) ) ) ) ) ( to ( Piazza ( Santa ( Maria Novella ) ) ) ) ) ; ) and ) ( ( the ( southern ( Left Bank ) ) ) ( of ( ( the ( Arno River ) ) ( around ( the ( Pitti Palace ) ) ) ) ) ) ) and ) ( the ( Piazzale Michelangelo ) ) ) ) ) ) ) ) ) . ) )","(ROOT (S (NP (PRP$ Our) (NNS itineraries)) (VP (VBP divide) (NP (NP (DT the) (NN city) (POS 's)) (NN heart)) (PP (IN into) (NP (CD four))) (PP (IN from) (NP (DT the) (NNP Duomo))) (ADVP (RB north) (PP (TO to) (NP (NP (NNP Piazza) (NNP San) (NNP Marco)) (: ;) (PP (IN from) (NP (NP (DT the) (NNP Piazza) (NNP della) (NNP Signoria)) (, ,) (NP (PRP$ its) (NNP Palazzo) (NNP Vecchio)) (CC and) (NP (DT the) (NNP Uffizi) (NNP Galleries)))) (ADVP (JJ east) (PP (TO to) (NP (NP (NP (NP (NNP Piazza) (NNP Santa) (NNP Croce)) (: ;) (PP (IN from) (NP (DT the) (NNP Mercato) (NNP Nuovo) (NN west))) (PP (TO to) (NP (NNP Piazza) (NNP Santa) (NNP Maria) (NNP Novella)))) (: ;) (CC and) (NP (NP (DT the) (JJ southern) (NNP Left) (NNP Bank)) (PP (IN of) (NP (NP (DT the) (NNP Arno) (NNP River)) (PP (IN around) (NP (DT the) (NNP Pitti) (NNP Palace))))))) (CC and) (NP (DT the) (NNP Piazzale) (NNP Michelangelo))))))))) (. .)))","For our itinerary, we suggest seeing all of the city's heart in one go.","( ( For ( our itinerary ) ) ( , ( we ( ( suggest ( seeing ( ( all ( of ( ( ( the ( city 's ) ) heart ) ( in one ) ) ) ) go ) ) ) . ) ) ) )","(ROOT (S (PP (IN For) (NP (PRP$ our) (NN itinerary))) (, ,) (NP (PRP we)) (VP (VBP suggest) (S (VP (VBG seeing) (S (NP (NP (DT all)) (PP (IN of) (NP (NP (NP (DT the) (NN city) (POS 's)) (NN heart)) (PP (IN in) (NP (CD one)))))) (VP (VB go)))))) (. .)))",travel,2
103132,103132c,This triggers the third  test.,( This ( ( triggers ( the ( third test ) ) ) . ) ),(ROOT (S (NP (DT This)) (VP (VBZ triggers) (NP (DT the) (JJ third) (NN test))) (. .))),This triggers the first test. ,( This ( ( triggers ( the ( first test ) ) ) . ) ),(ROOT (S (NP (DT This)) (VP (VBZ triggers) (NP (DT the) (JJ first) (NN test))) (. .))),government,2
144144,144144n,that's right uh-huh yeah i read some time well not too long ago that the average uh professional career only lasts seven years so that's when you think about it that's really not a very long time of course,( that ( ( 's ( ( ( ( right ( ( uh-huh ( yeah ( i read ) ) ) ( some time ) ) ) ( well not ) ) too ) ( long ago ) ) ) ( that ( ( the ( average ( uh ( professional career ) ) ) ) ( only ( lasts ( ( seven years ) ( so ( that ( 's ( when ( you ( think ( about ( it ( that ( ( 's really ) ( ( not ( a ( ( very long ) time ) ) ) ( of course ) ) ) ) ) ) ) ) ) ) ) ) ) ) ) ) ) ) ),(ROOT (SBAR (WHNP (WDT that)) (S (VP (VBZ 's) (ADVP (ADVP (RB right) (NP (NP (JJ uh-huh) (JJ yeah) (NN i) (NN read)) (NP (DT some) (NN time)))) (CONJP (RB well) (RB not)) (RB too) (ADVP (RB long) (RB ago))) (SBAR (IN that) (S (NP (DT the) (JJ average) (JJ uh) (JJ professional) (NN career)) (ADVP (RB only)) (VP (VBZ lasts) (SBAR (NP (CD seven) (NNS years)) (IN so) (S (NP (DT that)) (VP (VBZ 's) (SBAR (WHADVP (WRB when)) (S (NP (PRP you)) (VP (VBP think) (PP (IN about) (NP (NP (PRP it)) (SBAR (WHNP (WDT that)) (S (VP (VBZ 's) (ADVP (RB really)) (NP (NP (RB not) (DT a) (ADJP (RB very) (JJ long)) (NN time)) (PP (IN of) (NP (NN course)))))))))))))))))))))),The average career span is not as long as many believe it is.,( ( The ( average ( career span ) ) ) ( ( ( ( is not ) ( as long ) ) ( as ( many ( believe ( it is ) ) ) ) ) . ) ),(ROOT (S (NP (DT The) (JJ average) (NN career) (NN span)) (VP (VBZ is) (RB not) (ADJP (RB as) (JJ long)) (SBAR (IN as) (S (NP (DT many)) (VP (VBP believe) (SBAR (S (NP (PRP it)) (VP (VBZ is)))))))) (. .))),telephone,1
139052,139052e,Critics say Clinton should have destroyed Serbian TV networks by now and never should have sworn off ground troops.,( Critics ( ( say ( Clinton ( ( ( should ( have ( ( destroyed ( Serbian ( TV networks ) ) ) ( by now ) ) ) ) and ) ( never ( should ( have ( sworn ( off ( ground troops ) ) ) ) ) ) ) ) ) . ) ),(ROOT (S (NP (NNS Critics)) (VP (VBP say) (SBAR (S (NP (NNP Clinton)) (VP (VP (MD should) (VP (VB have) (VP (VBN destroyed) (NP (JJ Serbian) (NN TV) (NNS networks)) (PP (IN by) (NP (RB now)))))) (CC and) (VP (ADVP (RB never)) (MD should) (VP (VB have) (VP (VBN sworn) (PP (IN off) (NP (NN ground) (NNS troops)))))))))) (. .))),Clinton has been criticized for not destroying Serbian television networks.,( Clinton ( ( has ( been ( criticized ( for ( not ( destroying ( Serbian ( television networks ) ) ) ) ) ) ) ) . ) ),(ROOT (S (NP (NNP Clinton)) (VP (VBZ has) (VP (VBN been) (VP (VBN criticized) (PP (IN for) (S (RB not) (VP (VBG destroying) (NP (JJ Serbian) (NN television) (NNS networks)))))))) (. .))),slate,0
90563,90563e,"Its streets are narrow, full of twisting lanes (Arabic souk or suq), steep stairways, and dark covered passageways.","( ( Its streets ) ( ( ( ( are narrow ) , ) ( full ( of ( ( ( ( ( ( ( twisting lanes ) ( -LRB- ( ( Arabic ( ( souk or ) suq ) ) -RRB- ) ) ) , ) ( steep stairways ) ) , ) and ) ( ( dark covered ) passageways ) ) ) ) ) . ) )","(ROOT (S (NP (PRP$ Its) (NNS streets)) (VP (VBP are) (ADJP (JJ narrow)) (, ,) (ADJP (JJ full) (PP (IN of) (NP (NP (NP (NN twisting) (NNS lanes)) (PRN (-LRB- -LRB-) (NP (NNS Arabic) (NN souk) (CC or) (NN suq)) (-RRB- -RRB-))) (, ,) (NP (JJ steep) (NNS stairways)) (, ,) (CC and) (NP (ADJP (JJ dark) (JJ covered)) (NNS passageways)))))) (. .)))","The streets are full of twisting, maze-like streets and passageways.","( ( The streets ) ( ( are ( full ( of ( ( ( ( twisting , ) ( maze-like streets ) ) and ) passageways ) ) ) ) . ) )","(ROOT (S (NP (DT The) (NNS streets)) (VP (VBP are) (ADJP (JJ full) (PP (IN of) (NP (NP (NN twisting)) (, ,) (NP (JJ maze-like) (NNS streets)) (CC and) (NP (NNS passageways)))))) (. .)))",travel,0
11792,11792c,But orthodoxy continues to prevail against the logic of economic analysis.,( But ( orthodoxy ( ( continues ( to ( prevail ( against ( ( the logic ) ( of ( economic analysis ) ) ) ) ) ) ) . ) ) ),(ROOT (S (CC But) (NP (NN orthodoxy)) (VP (VBZ continues) (S (VP (TO to) (VP (VB prevail) (PP (IN against) (NP (NP (DT the) (NN logic)) (PP (IN of) (NP (JJ economic) (NN analysis))))))))) (. .))),Orthodoxy is overcomed by the logic of economic analysis.,( Orthodoxy ( ( is ( overcomed ( by ( ( the logic ) ( of ( economic analysis ) ) ) ) ) ) . ) ),(ROOT (S (NP (NNP Orthodoxy)) (VP (VBZ is) (VP (VBN overcomed) (PP (IN by) (NP (NP (DT the) (NN logic)) (PP (IN of) (NP (JJ economic) (NN analysis))))))) (. .))),slate,2
53498,53498e,because i i we go to antique stores a lot and you see seventy eights,( because ( ( i i ) ( ( ( we ( go ( to ( ( antique stores ) ( a lot ) ) ) ) ) and ) ( you ( see ( seventy eights ) ) ) ) ) ),(ROOT (PP (IN because) (NP (NP (FW i) (FW i)) (SBAR (S (S (NP (PRP we)) (VP (VBP go) (PP (TO to) (NP (NP (JJ antique) (NNS stores)) (NP (DT a) (NN lot)))))) (CC and) (S (NP (PRP you)) (VP (VBP see) (NP (JJ seventy) (NNS eights))))))))),You see a lot of 78s at the antique store.,( You ( ( see ( ( a lot ) ( of ( 78s ( at ( the ( antique store ) ) ) ) ) ) ) . ) ),(ROOT (S (NP (PRP You)) (VP (VBP see) (NP (NP (DT a) (NN lot)) (PP (IN of) (NP (NP (NNS 78s)) (PP (IN at) (NP (DT the) (JJ antique) (NN store))))))) (. .))),telephone,0
113968,113968c,"I was ahead of schedule, Derry.","( I ( ( ( ( ( was ahead ) ( of schedule ) ) , ) Derry ) . ) )","(ROOT (S (NP (PRP I)) (VP (VBD was) (ADVP (RB ahead)) (PP (IN of) (NP (NN schedule))) (, ,) (ADVP (RB Derry))) (. .)))",I was behind schedule. ,( I ( ( was ( behind schedule ) ) . ) ),(ROOT (S (NP (PRP I)) (VP (VBD was) (PP (IN behind) (NP (NN schedule)))) (. .))),fiction,2
120843,120843n,"In that event, FASAB staff will provide written copies of the request to the Board members.","( ( In ( that event ) ) ( , ( ( FASAB staff ) ( ( will ( provide ( ( written copies ) ( of ( ( the request ) ( to ( the ( Board members ) ) ) ) ) ) ) ) . ) ) ) )","(ROOT (S (PP (IN In) (NP (DT that) (NN event))) (, ,) (NP (NNP FASAB) (NN staff)) (VP (MD will) (VP (VB provide) (NP (NP (VBN written) (NNS copies)) (PP (IN of) (NP (NP (DT the) (NN request)) (PP (TO to) (NP (DT the) (NNP Board) (NNS members)))))))) (. .)))","FASAB staff have been expected to provide request copies for months now, but only just started complying with the regulations.","( ( FASAB staff ) ( ( ( ( ( have ( been ( expected ( to ( ( ( provide ( request copies ) ) ( for months ) ) now ) ) ) ) ) , ) but ) ( ( only just ) ( started ( complying ( with ( the regulations ) ) ) ) ) ) . ) )","(ROOT (S (NP (NNP FASAB) (NN staff)) (VP (VP (VBP have) (VP (VBN been) (VP (VBN expected) (S (VP (TO to) (VP (VB provide) (NP (NN request) (NNS copies)) (PP (IN for) (NP (NNS months))) (ADVP (RB now)))))))) (, ,) (CC but) (VP (ADVP (RB only) (RB just)) (VBD started) (S (VP (VBG complying) (PP (IN with) (NP (DT the) (NNS regulations))))))) (. .)))",government,1
68445,68445n,"On the other side of Grafton Street, leading into Dawson Street, the Royal Hibernian Way is a small shopping mall with some exclusive shops.","( ( On ( ( ( ( the ( other side ) ) ( of ( Grafton Street ) ) ) , ) ( leading ( into ( Dawson Street ) ) ) ) ) ( , ( ( the ( Royal ( Hibernian Way ) ) ) ( ( is ( ( a ( small ( shopping mall ) ) ) ( with ( some ( exclusive shops ) ) ) ) ) . ) ) ) )","(ROOT (S (PP (IN On) (NP (NP (DT the) (JJ other) (NN side)) (PP (IN of) (NP (NNP Grafton) (NNP Street))) (, ,) (VP (VBG leading) (PP (IN into) (NP (NNP Dawson) (NNP Street)))))) (, ,) (NP (DT the) (NNP Royal) (NNP Hibernian) (NNP Way)) (VP (VBZ is) (NP (NP (DT a) (JJ small) (NN shopping) (NN mall)) (PP (IN with) (NP (DT some) (JJ exclusive) (NNS shops))))) (. .)))",The shopping mall on Royal Hibernian Way contains a shoe shop.,( ( ( The ( shopping mall ) ) ( on ( Royal ( Hibernian Way ) ) ) ) ( ( contains ( a ( shoe shop ) ) ) . ) ),(ROOT (S (NP (NP (DT The) (NN shopping) (NN mall)) (PP (IN on) (NP (NNP Royal) (NNP Hibernian) (NNP Way)))) (VP (VBZ contains) (NP (DT a) (NN shoe) (NN shop))) (. .))),travel,1
107067,107067c,"All three tabs have run stories about the nude photos of Dr. Laura Schlessinger, 51, radio host and moral arbiter, that have appeared on the Internet.","( ( All ( three tabs ) ) ( ( have ( ( run stories ) ( about ( ( ( ( the ( nude photos ) ) ( of ( ( ( ( ( ( ( Dr. ( Laura Schlessinger ) ) , ) 51 ) , ) ( radio host ) ) and ) ( moral arbiter ) ) ) ) , ) ( that ( have ( appeared ( on ( the Internet ) ) ) ) ) ) ) ) ) . ) )","(ROOT (S (NP (DT All) (CD three) (NNS tabs)) (VP (VBP have) (VP (VBN run) (NP (NNS stories)) (PP (IN about) (NP (NP (DT the) (JJ nude) (NNS photos)) (PP (IN of) (NP (NP (NNP Dr.) (NNP Laura) (NNP Schlessinger)) (, ,) (NP (CD 51)) (, ,) (NP (NN radio) (NN host)) (CC and) (NP (JJ moral) (NN arbiter)))) (, ,) (SBAR (WHNP (WDT that)) (S (VP (VBP have) (VP (VBN appeared) (PP (IN on) (NP (DT the) (NN Internet))))))))))) (. .)))",Dr. Laura is a paragon in her community and has never been involved in a scandal of any kind. ,( ( Dr. Laura ) ( ( ( ( is ( ( a paragon ) ( in ( her community ) ) ) ) and ) ( ( has never ) ( been ( involved ( in ( ( a scandal ) ( of ( any kind ) ) ) ) ) ) ) ) . ) ),(ROOT (S (NP (NNP Dr.) (NNP Laura)) (VP (VP (VBZ is) (NP (NP (DT a) (NN paragon)) (PP (IN in) (NP (PRP$ her) (NN community))))) (CC and) (VP (VBZ has) (ADVP (RB never)) (VP (VBN been) (VP (VBN involved) (PP (IN in) (NP (NP (DT a) (NN scandal)) (PP (IN of) (NP (DT any) (NN kind))))))))) (. .))),slate,2
53594,53594e,"Since 1998, close to 200 GWe of new capacity have been built or is currently under construction with an even larger quantity being proposed.","( ( Since 1998 ) ( , ( ( ( ( ( close to ) 200 ) GWe ) ( of ( new capacity ) ) ) ( ( ( ( ( have ( been built ) ) or ) ( ( is currently ) ( under construction ) ) ) ( with ( ( an ( ( even larger ) quantity ) ) ( being proposed ) ) ) ) . ) ) ) )","(ROOT (S (PP (IN Since) (NP (CD 1998))) (, ,) (NP (NP (QP (NN close) (TO to) (CD 200)) (NNS GWe)) (PP (IN of) (NP (JJ new) (NN capacity)))) (VP (VP (VBP have) (VP (VBN been) (VP (VBN built)))) (CC or) (VP (VBZ is) (ADVP (RB currently)) (PP (IN under) (NP (NN construction)))) (PP (IN with) (NP (NP (DT an) (ADJP (RB even) (JJR larger)) (NN quantity)) (VP (VBG being) (VP (VBN proposed)))))) (. .)))",There are proposals for larger quantities of GWe.,( There ( ( are ( proposals ( for ( ( larger quantities ) ( of GWe ) ) ) ) ) . ) ),(ROOT (S (NP (EX There)) (VP (VBP are) (NP (NP (NNS proposals)) (PP (IN for) (NP (NP (JJR larger) (NNS quantities)) (PP (IN of) (NP (NNP GWe))))))) (. .))),government,0
95310,95310c,but unfortunately people people aren't that insightful,( but ( unfortunately ( ( people people ) ( ( are n't ) ( that insightful ) ) ) ) ),(ROOT (FRAG (S (CC but) (ADVP (RB unfortunately)) (NP (NNS people) (NNS people)) (VP (VBP are) (RB n't) (ADJP (RB that) (JJ insightful)))))),All people are extremely insightful. ,( ( All people ) ( ( are ( extremely insightful ) ) . ) ),(ROOT (S (NP (DT All) (NNS people)) (VP (VBP are) (ADJP (RB extremely) (JJ insightful))) (. .))),telephone,2
43484,43484e,Columbus spent some months at an Arawak settlement here before assistance arrived and he made his way back to Europe.,( ( ( ( Columbus ( ( ( spent ( some months ) ) ( at ( an ( Arawak settlement ) ) ) ) ( here ( before ( assistance arrived ) ) ) ) ) and ) ( he ( ( ( made ( his way ) ) back ) ( to Europe ) ) ) ) . ),(ROOT (S (S (NP (NNP Columbus)) (VP (VBD spent) (NP (DT some) (NNS months)) (PP (IN at) (NP (DT an) (NNP Arawak) (NN settlement))) (SBAR (ADVP (RB here)) (IN before) (S (NP (NN assistance)) (VP (VBD arrived)))))) (CC and) (S (NP (PRP he)) (VP (VBD made) (NP (PRP$ his) (NN way)) (ADVP (RB back)) (PP (TO to) (NP (NNP Europe))))) (. .))),"After he received help, Columbus left the Arawak settlement and headed back to Europe. ","( ( After ( he ( received help ) ) ) ( , ( Columbus ( ( ( ( left ( the ( Arawak settlement ) ) ) and ) ( ( headed back ) ( to Europe ) ) ) . ) ) ) )","(ROOT (S (SBAR (IN After) (S (NP (PRP he)) (VP (VBD received) (NP (NN help))))) (, ,) (NP (NNP Columbus)) (VP (VP (VBD left) (NP (DT the) (NNP Arawak) (NN settlement))) (CC and) (VP (VBD headed) (PRT (RP back)) (PP (TO to) (NP (NNP Europe))))) (. .)))",travel,0
